사용월,호선명,지하철역,07:00:00~07:59:59,,08:00:00~08:59:59,
,,,승차,하차,승차,하차
2023-03,1호선,서울역,"43,763","112,497","74,004","237,172"
2023-03,1호선,시청,"8,529","75,421","11,367","210,492"
2023-03,1호선,종각,"6,671","114,672","11,140","285,466"
2023-03,1호선,종로3가,"5,610","27,245","9,700","76,204"
2023-03,1호선,종로5가,"6,502","43,928","10,619","106,094"
2023-03,1호선,동대문,"15,728","12,835","20,970","22,752"
2023-03,1호선,신설동,"22,348","25,354","33,819","60,619"
2023-03,1호선,제기동,"24,377","20,337","34,956","40,803"
2023-03,1호선,청량리(서울시립대입구),"40,847","18,163","49,664","38,941"
2023-03,1호선,동묘앞,"7,749","10,452","11,678","24,126"
2023-03,2호선,시청,"5,601","71,492","9,428","229,115"
2023-03,2호선,을지로입구,"11,186","134,019","20,488","355,132"
2023-03,2호선,을지로3가,"6,189","74,300","12,956","190,846"
2023-03,2호선,을지로4가,"5,451","36,163","10,994","85,337"
2023-03,2호선,동대문역사문화공원(DDP),"7,870","25,408","14,291","52,796"
2023-03,2호선,신당,"31,928","17,733","52,869","34,928"
2023-03,2호선,상왕십리,"44,187","13,768","72,753","35,188"
2023-03,2호선,왕십리(성동구청),"27,227","15,266","49,379","30,884"
2023-03,2호선,한양대,"5,992","13,730","9,069","83,759"
2023-03,2호선,뚝섬,"19,596","40,726","26,890","144,373"
2023-03,2호선,성수,"24,933","79,002","33,732","287,267"
2023-03,2호선,건대입구,"57,081","26,535","99,906","72,364"
2023-03,2호선,구의(광진구청),"73,086","16,739","125,237","41,532"
2023-03,2호선,강변(동서울터미널),"84,449","23,122","127,375","43,433"
2023-03,2호선,잠실나루,"42,875","24,475","52,132","41,126"
2023-03,2호선,잠실(송파구청),"130,053","84,446","182,519","181,408"
2023-03,2호선,잠실새내,"63,728","18,729","89,277","29,545"
2023-03,2호선,종합운동장,"18,731","18,447","25,340","28,583"
2023-03,2호선,삼성(무역센터),"15,252","148,514","21,211","365,642"
2023-03,2호선,선릉,"22,886","122,275","36,064","302,906"
2023-03,2호선,역삼,"16,938","159,154","28,164","398,023"
2023-03,2호선,강남,"41,961","161,569","68,731","316,742"
2023-03,2호선,교대(법원.검찰청),"29,251","62,786","41,353","169,163"
2023-03,2호선,서초,"19,903","54,221","31,016","120,990"
2023-03,2호선,방배,"24,623","29,081","34,861","89,603"
2023-03,2호선,사당,"80,836","51,583","105,808","75,783"
2023-03,2호선,낙성대(강감찬),"90,443","23,817","136,581","46,134"
2023-03,2호선,서울대입구(관악구청),"137,266","31,285","188,720","78,776"
2023-03,2호선,봉천,"90,129","13,495","129,625","25,889"
2023-03,2호선,신림,"203,085","29,227","294,603","46,762"
2023-03,2호선,신대방,"96,932","16,586","143,556","27,817"
2023-03,2호선,구로디지털단지,"151,275","83,814","201,815","246,837"
2023-03,2호선,대림(구로구청),"72,203","24,304","98,591","60,516"
2023-03,2호선,신도림,"152,128","44,627","157,768","121,016"
2023-03,2호선,문래,"47,917","38,660","53,449","138,689"
2023-03,2호선,영등포구청,"42,619","39,465","51,411","129,987"
2023-03,2호선,당산,"49,410","32,046","63,072","87,392"
2023-03,2호선,합정,"46,083","34,824","59,565","104,386"
2023-03,2호선,홍대입구,"67,590","40,835","88,394","115,078"
2023-03,2호선,신촌,"39,439","39,490","59,105","101,225"
2023-03,2호선,이대,"29,747","16,695","40,328","51,002"
2023-03,2호선,아현,"32,330","13,863","45,389","25,164"
2023-03,2호선,충정로(경기대입구),"17,604","25,251","23,984","67,502"
2023-03,2호선,용답,"9,464","1,921","14,708","4,581"
2023-03,2호선,신답,"7,000",998,"12,169","1,860"
2023-03,2호선,신설동,"4,989","5,547","9,659","14,829"
2023-03,2호선,도림천,"3,663","4,694","3,908","5,980"
2023-03,2호선,양천구청,"37,674","5,138","33,621","10,583"
2023-03,2호선,신정네거리,"55,358","5,205","49,867","12,323"
2023-03,2호선,용두(동대문구청),"5,483","2,637","10,068","6,155"
2023-03,3호선,지축,"30,535","6,219","29,195","9,207"
2023-03,3호선,구파발,"95,734","24,536","86,664","32,204"
2023-03,3호선,연신내,"133,964","25,289","152,561","37,554"
2023-03,3호선,불광,"56,678","12,075","67,012","34,457"
2023-03,3호선,녹번,"80,056","7,830","84,471","18,941"
2023-03,3호선,홍제,"72,949","11,894","76,359","28,040"
2023-03,3호선,무악재,"19,290","3,050","21,411","6,255"
2023-03,3호선,독립문,"16,811","16,598","19,690","21,130"
2023-03,3호선,경복궁(정부서울청사),"15,350","47,097","21,559","140,731"
2023-03,3호선,안국,"6,637","96,759","10,763","127,260"
2023-03,3호선,종로3가,"1,685","16,696","3,098","48,566"
2023-03,3호선,을지로3가,"2,775","36,425","5,758","88,121"
2023-03,3호선,충무로,1,0,0,0
2023-03,3호선,동대입구,"6,364","17,231","8,649","65,474"
2023-03,3호선,약수,"28,860","18,113","41,131","34,804"
2023-03,3호선,금호,"29,563","4,284","40,254","8,811"
2023-03,3호선,옥수,"26,139","9,377","33,556","14,710"
2023-03,3호선,압구정,"17,415","51,215","27,669","160,173"
2023-03,3호선,신사,"12,437","46,696","18,771","107,473"
2023-03,3호선,잠원,"13,647","6,939","19,172","9,674"
2023-03,3호선,고속터미널,"28,216","50,783","48,451","76,495"
2023-03,3호선,교대(법원.검찰청),"10,082","22,743","14,732","53,446"
2023-03,3호선,남부터미널(예술의전당),"33,403","67,126","48,035","166,573"
2023-03,3호선,양재(서초구청),"38,053","114,569","48,946","253,997"
2023-03,3호선,매봉,"19,338","24,629","23,638","78,573"
2023-03,3호선,도곡,"10,421","15,798","13,041","21,600"
2023-03,3호선,대치,"30,466","20,606","30,802","28,262"
2023-03,3호선,학여울,"4,940","3,738","5,614","9,962"
2023-03,3호선,대청,"32,593","20,933","37,830","29,700"
2023-03,3호선,일원,"27,672","36,745","26,353","26,759"
2023-03,3호선,수서,"38,146","39,804","49,843","58,389"
2023-03,3호선,가락시장,"22,601","13,237","23,757","30,629"
2023-03,3호선,경찰병원,"25,304","8,896","28,721","30,466"
2023-03,3호선,오금,"30,574","6,962","32,817","14,534"
2023-03,4호선,당고개,"44,327","5,533","39,687","11,131"
2023-03,4호선,상계,"94,543","20,890","81,098","22,030"
2023-03,4호선,노원,"56,428","15,414","59,660","32,905"
2023-03,4호선,창동,"94,146","20,836","86,395","39,755"
2023-03,4호선,쌍문,"137,926","15,529","137,134","28,882"
2023-03,4호선,수유(강북구청),"124,584","21,850","132,440","60,020"
2023-03,4호선,미아(서울사이버대학),"50,130","19,693","55,278","41,361"
2023-03,4호선,미아사거리,"101,739","20,577","106,101","33,953"
2023-03,4호선,길음,"97,174","15,911","93,492","40,953"
2023-03,4호선,성신여대입구(돈암),"51,024","18,120","56,351","50,521"
2023-03,4호선,한성대입구(삼선교),"33,369","20,409","39,270","37,451"
2023-03,4호선,혜화,"18,387","54,177","22,897","132,304"
2023-03,4호선,동대문,"5,473","36,512","8,034","75,574"
2023-03,4호선,동대문역사문화공원(DDP),"8,782","29,080","13,751","70,432"
2023-03,4호선,충무로,"10,968","60,190","17,942","194,966"
2023-03,4호선,명동,"7,618","55,598","16,131","135,110"
2023-03,4호선,회현(남대문시장),"5,378","56,338","9,074","147,795"
2023-03,4호선,서울역,"13,767","42,325","17,084","90,361"
2023-03,4호선,숙대입구(갈월),"19,665","25,750","28,606","60,516"
2023-03,4호선,삼각지,"7,961","13,526","11,069","21,984"
2023-03,4호선,신용산,"13,313","37,655","18,553","98,641"
2023-03,4호선,이촌(국립중앙박물관),"14,418","15,046","18,111","30,262"
2023-03,4호선,동작(현충원),"2,083","3,425","2,677","5,410"
2023-03,4호선,총신대입구(이수),"52,496","19,735","64,327","46,106"
2023-03,4호선,사당,"76,775","28,417","86,886","40,810"
2023-03,4호선,남태령,"2,559","5,208","4,472","6,288"
2023-03,경부선,서울역,"11,861","6,106","21,963","6,553"
2023-03,경부선,남영,"14,625","27,959","21,480","60,493"
2023-03,경부선,용산,"22,339","83,115","35,263","164,381"
2023-03,경부선,노량진,"19,331","9,220","26,893","16,445"
2023-03,경부선,대방,"29,080","33,044","36,135","47,271"
2023-03,경부선,영등포,"44,398","64,423","60,699","137,861"
2023-03,경부선,신도림,"10,066","7,007","11,390","16,457"
2023-03,경부선,신길,"27,433","19,654","35,666","30,619"
2023-03,경부선,구로,"41,436","33,479","40,097","77,222"
2023-03,경부선,가산디지털단지,"17,074","61,012","16,635","162,958"
2023-03,경부선,금천구청,"51,778","16,089","47,776","31,382"
2023-03,경부선,석수,"42,127","13,153","39,732","16,934"
2023-03,경부선,관악,"38,880","6,999","35,824","11,810"
2023-03,경부선,안양,"94,370","24,052","84,565","63,797"
2023-03,경부선,명학,"28,696","27,148","24,639","66,110"
2023-03,경부선,금정,"103,283","46,807","102,891","97,313"
2023-03,경부선,군포,"20,675","34,345","20,545","47,296"
2023-03,경부선,의왕,"32,002","32,734","32,256","34,071"
2023-03,경부선,성균관대,"77,873","11,022","62,760","31,741"
2023-03,경부선,화서,"49,459","6,741","38,774","12,031"
2023-03,경부선,수원,"83,497","59,814","81,296","90,919"
2023-03,경부선,독산,"53,295","50,324","49,350","110,352"
2023-03,경부선,세류,"17,427","4,570","11,902","3,986"
2023-03,경부선,병점,"62,783","22,733","52,032","41,233"
2023-03,경부선,세마,"12,360","4,790","10,990","11,026"
2023-03,경부선,오산대,"15,517","4,025","12,386","13,853"
2023-03,경부선,오산,"31,125","29,059","31,520","22,990"
2023-03,경부선,진위,"3,343","9,946","3,253","9,837"
2023-03,경부선,송탄,"14,761","7,477","13,744","9,478"
2023-03,경부선,서정리,"19,613","19,778","18,637","25,814"
2023-03,경부선,평택지제,"13,000","15,167","11,102","8,713"
2023-03,경부선,평택,"34,315","18,024","34,424","32,317"
2023-03,경부선,성환,"7,462","13,130","7,192","27,450"
2023-03,경부선,직산,"2,317","3,304","2,172","4,031"
2023-03,경부선,두정,"20,242","13,700","18,955","30,612"
2023-03,경부선,천안,"13,008","7,400","11,873","19,000"
2023-03,경부선,당정,"28,659","9,529","27,316","19,430"
2023-03,경부선,서동탄,"11,454","1,716","4,207","1,477"
2023-03,경부선,광명,"13,086","6,895","11,312","7,609"
2023-03,경인선,개봉,"105,387","15,562","96,243","24,252"
2023-03,경인선,오류동,"55,369","5,700","55,415","12,037"
2023-03,경인선,역곡,"128,743","15,001","124,172","44,070"
2023-03,경인선,부천,"114,575","19,503","112,953","56,121"
2023-03,경인선,송내,"120,100","32,067","99,462","83,259"
2023-03,경인선,부평,"90,462","21,450","84,967","34,825"
2023-03,경인선,백운,"30,457","4,911","27,679","9,739"
2023-03,경인선,동암,"68,419","13,964","64,727","17,534"
2023-03,경인선,주안,"67,161","20,296","61,744","33,308"
2023-03,경인선,제물포,"42,324","15,897","36,828","38,397"
2023-03,경인선,동인천,"46,600","24,963","37,088","35,840"
2023-03,경인선,인천,"6,490","6,744","5,773","9,254"
2023-03,경인선,구일,"29,997","10,100","26,125","17,785"
2023-03,경인선,소사,"33,005","8,726","29,867","15,384"
2023-03,경인선,부개,"45,580","6,463","37,604","11,381"
2023-03,경인선,간석,"26,831","4,820","21,546","10,406"
2023-03,경인선,도원,"8,540","7,868","7,784","23,554"
2023-03,경인선,온수(성공회대입구),"25,335","11,103","22,832","15,885"
2023-03,경인선,중동,"48,549","5,445","38,605","13,284"
2023-03,경인선,도화,"18,350","4,441","15,599","7,244"
2023-03,경원선,이촌(국립중앙박물관),"9,398","4,853","10,556","9,262"
2023-03,경원선,서빙고,"3,490","5,164","4,221","9,730"
2023-03,경원선,한남,"4,734","11,722","5,891","15,278"
2023-03,경원선,옥수,66,37,114,271
2023-03,경원선,응봉,"8,510","1,765","8,663","2,790"
2023-03,경원선,왕십리(성동구청),"29,230","13,344","45,398","25,671"
2023-03,경원선,청량리(서울시립대입구),"29,875","17,252","46,324","27,313"
2023-03,경원선,외대앞,"21,098","5,387","24,880","34,165"
2023-03,경원선,신이문,"39,127","4,378","42,433","8,646"
2023-03,경원선,석계,"25,845","5,498","30,034","10,352"
2023-03,경원선,광운대,"32,895","6,678","30,116","27,757"
2023-03,경원선,월계,"28,346","9,058","25,926","17,799"
2023-03,경원선,녹천,"23,317","5,556","21,399","5,422"
2023-03,경원선,창동,0,0,3,0
2023-03,경원선,방학,"38,606","10,052","33,779","21,644"
2023-03,경원선,도봉,"21,692","4,303","19,587","10,517"
2023-03,경원선,도봉산,"23,162","4,570","22,498","8,955"
2023-03,경원선,망월사,"30,818","5,296","29,640","28,862"
2023-03,경원선,회룡,"62,436","8,944","52,743","13,398"
2023-03,경원선,의정부,"55,176","13,833","52,141","37,096"
2023-03,경원선,가능,"27,131","8,025","24,145","16,857"
2023-03,경원선,녹양,"19,849","5,567","17,005","9,973"
2023-03,경원선,양주,"33,843","11,163","27,023","12,377"
2023-03,경원선,덕계,"19,890","4,359","17,658","7,242"
2023-03,경원선,덕정,"20,316","10,611","20,793","20,937"
2023-03,경원선,지행,"24,707","6,086","25,468","13,757"
2023-03,경원선,동두천중앙,"9,006","4,364","9,437","10,729"
2023-03,경원선,보산,"4,648","3,039","4,145","2,942"
2023-03,경원선,동두천,"5,555","7,531","6,983","8,241"
2023-03,경원선,소요산,"3,364","2,082","5,169","3,587"
2023-03,안산선,산본,"61,750","15,976","57,835","31,492"
2023-03,안산선,대야미,"20,398","5,835","21,942","9,044"
2023-03,안산선,반월,"19,052","4,151","17,544","8,460"
2023-03,안산선,상록수,"73,061","14,131","69,111","24,797"
2023-03,안산선,한대앞,"34,746","9,361","29,848","28,977"
2023-03,안산선,중앙,"64,578","18,276","55,249","40,585"
2023-03,안산선,고잔,"34,130","14,194","26,622","29,662"
2023-03,안산선,초지,"25,424","9,385","19,526","12,112"
2023-03,안산선,안산,"23,646","41,091","24,250","35,904"
2023-03,안산선,신길온천,"8,757","3,584","7,206","2,855"
2023-03,안산선,정왕,"22,348","26,631","20,021","42,695"
2023-03,안산선,오이도,"36,590","12,828","29,600","14,692"
2023-03,안산선,수리산,"20,160","4,766","19,356","7,705"
2023-03,과천선,선바위,"18,791","21,344","20,451","29,431"
2023-03,과천선,경마공원,"2,200","4,224","2,673","11,734"
2023-03,과천선,대공원,713,"4,582","1,068","10,763"
2023-03,과천선,과천,"31,823","5,401","28,077","9,298"
2023-03,과천선,정부과천청사,"22,781","28,434","20,722","81,147"
2023-03,과천선,인덕원,"87,060","44,743","75,129","109,417"
2023-03,과천선,평촌,"66,753","36,964","51,067","94,159"
2023-03,과천선,범계,"103,913","25,018","84,311","64,778"
2023-03,분당선,선릉,"5,990","46,476","7,823","145,980"
2023-03,분당선,한티,"26,205","31,578","32,011","51,910"
2023-03,분당선,도곡,"11,679","16,701","17,063","26,198"
2023-03,분당선,구룡,"4,764","12,248","6,517","6,495"
2023-03,분당선,개포동,"12,217","7,643","13,722","11,450"
2023-03,분당선,대모산입구,"21,805","6,558","22,632","11,985"
2023-03,분당선,수서,"27,880","30,456","43,634","49,048"
2023-03,분당선,복정,0,0,0,0
2023-03,분당선,수원,"26,685","10,167","26,904","16,128"
2023-03,분당선,서울숲,"13,858","25,512","24,277","48,781"
2023-03,분당선,압구정로데오,"6,272","27,552","9,360","82,597"
2023-03,분당선,강남구청,"8,495","16,708","11,564","59,132"
2023-03,분당선,선정릉,"5,280","13,934","7,914","53,729"
2023-03,분당선,가천대,"20,157","7,652","27,354","50,552"
2023-03,분당선,태평,"45,883","8,663","66,159","18,813"
2023-03,분당선,모란,"58,877","24,908","72,820","39,314"
2023-03,분당선,야탑,"61,238","44,913","68,072","106,258"
2023-03,분당선,서현,"40,609","35,972","45,848","89,653"
2023-03,분당선,수내,"20,539","27,494","27,153","65,691"
2023-03,분당선,정자,"33,413","46,308","37,877","85,921"
2023-03,분당선,미금,"29,535","22,695","35,056","48,007"
2023-03,분당선,오리,"32,951","16,026","36,265","36,973"
2023-03,분당선,이매,"17,178","13,443","17,931","17,067"
2023-03,분당선,보정,"10,408","3,194","11,242","7,910"
2023-03,분당선,죽전,"48,066","18,459","44,161","36,479"
2023-03,분당선,구성,"24,063","4,672","24,615","9,069"
2023-03,분당선,신갈,"22,458","2,756","22,804","7,154"
2023-03,분당선,기흥,"42,539","14,333","43,329","34,389"
2023-03,분당선,상갈,"22,983","7,459","25,495","11,460"
2023-03,분당선,청명,"21,783","6,034","21,117","11,252"
2023-03,분당선,영통,"20,531","11,327","23,723","29,544"
2023-03,분당선,망포,"65,956","26,571","61,764","45,499"
2023-03,분당선,매탄권선,"25,488","5,253","24,326","15,563"
2023-03,분당선,수원시청,"34,301","18,970","35,579","53,235"
2023-03,분당선,매교,"21,624","5,456","21,878","16,091"
2023-03,일산선,원흥,"52,808","7,057","55,548","17,448"
2023-03,일산선,지축,2,0,1,0
2023-03,일산선,삼송,"89,780","18,452","85,596","32,099"
2023-03,일산선,원당,"48,882","8,643","49,863","13,858"
2023-03,일산선,화정,"59,131","12,962","59,366","33,401"
2023-03,일산선,대곡,"10,328","3,004","9,343","3,500"
2023-03,일산선,백석,"24,227","13,456","25,347","27,390"
2023-03,일산선,마두,"17,458","8,074","18,538","22,852"
2023-03,일산선,정발산,"9,269","6,288","10,607","21,772"
2023-03,일산선,주엽,"30,056","7,390","30,407","15,735"
2023-03,일산선,대화,"69,393","14,583","50,363","19,321"
2023-03,중앙선,회기,"62,474","33,412","84,226","77,074"
2023-03,중앙선,중랑,"25,499","3,182","23,546","6,598"
2023-03,중앙선,상봉(시외버스터미널),"23,899","5,113","26,734","8,005"
2023-03,중앙선,망우,"33,401","6,137","27,725","15,402"
2023-03,중앙선,양원,"15,546","9,625","11,634","6,774"
2023-03,중앙선,구리,"64,955","9,617","55,692","20,769"
2023-03,중앙선,도농,"68,821","9,443","47,931","17,336"
2023-03,중앙선,양정,"1,772","1,785","1,499","2,277"
2023-03,중앙선,덕소,"27,350","3,509","22,403","7,635"
2023-03,중앙선,도심,"14,923","1,760","9,552","6,767"
2023-03,중앙선,팔당,"1,697","1,641","1,291","3,331"
2023-03,중앙선,운길산,"1,703",589,"2,066","1,288"
2023-03,중앙선,양수,"7,196","2,078","4,870","3,933"
2023-03,중앙선,신원,537,578,373,386
2023-03,중앙선,국수,"2,797",727,"2,093","2,176"
2023-03,중앙선,아신,"1,997",477,"1,636","1,147"
2023-03,중앙선,오빈,861,334,"1,148",842
2023-03,중앙선,양평,"9,301","3,926","6,773","8,173"
2023-03,중앙선,원덕,"1,002",407,"1,207",563
2023-03,중앙선,용문,"4,278","2,906","4,850","3,426"
2023-03,중앙선,지평,352,238,204,250
2023-03,장항선,봉명,"2,549","3,791","3,098","4,530"
2023-03,장항선,쌍용(나사렛대),"7,688","1,737","9,587","9,659"
2023-03,장항선,아산,"7,977","6,215","9,988","11,557"
2023-03,장항선,탕정,"4,725","2,046","4,272","3,248"
2023-03,장항선,배방,"4,288","1,449","3,966","2,192"
2023-03,장항선,온양온천,"10,619","6,425","12,849","8,919"
2023-03,장항선,신창(순천향대),"2,548","3,667","2,142","14,549"
2023-03,경의선,신촌,748,"4,902",550,"6,283"
2023-03,경의선,효창공원앞,"5,735","6,750","8,456","19,566"
2023-03,경의선,서강대,"3,673","3,065","4,235","11,237"
2023-03,경의선,가좌,"25,854","4,617","29,516","12,041"
2023-03,경의선,수색,"3,784","6,044","5,003","20,169"
2023-03,경의선,화전,"4,780","2,134","5,160","11,193"
2023-03,경의선,강매,"21,836","1,348","19,612","4,026"
2023-03,경의선,행신,"44,123","6,892","36,841","11,320"
2023-03,경의선,능곡,"19,503","2,806","18,738","7,024"
2023-03,경의선,곡산,"2,010","1,465","1,624","3,044"
2023-03,경의선,백마,"39,960","5,955","29,646","12,226"
2023-03,경의선,풍산,"26,221","4,181","22,492","8,907"
2023-03,경의선,일산,"54,481","7,792","39,264","20,329"
2023-03,경의선,탄현,"41,887","6,240","33,213","10,788"
2023-03,경의선,야당,"35,904","5,747","34,460","10,029"
2023-03,경의선,운정,"34,669","7,091","33,241","12,274"
2023-03,경의선,금릉,"22,945","6,125","17,798","12,911"
2023-03,경의선,금촌,"21,884","9,916","20,215","17,322"
2023-03,경의선,월롱,"1,944","10,879","2,207","13,221"
2023-03,경의선,파주,"3,079","2,225","2,989","6,174"
2023-03,경의선,문산,"16,816","7,317","16,238","16,712"
2023-03,경의선,임진강,0,0,0,0
2023-03,경의선,운천,0,0,0,0
2023-03,경의선,서울역,"3,033","28,382","3,630","43,864"
2023-03,경의선,공덕,"4,908","8,282","5,971","21,361"
2023-03,경의선,홍대입구,"1,552","2,266","1,808","7,707"
2023-03,경의선,디지털미디어시티,"12,702","2,152","12,798","4,924"
2023-03,경의선,김포공항,0,0,0,0
2023-03,경의선,계양,2,0,2,0
2023-03,경춘선,신내,"9,307","6,382","7,871","8,982"
2023-03,경춘선,갈매,"19,400","4,037","11,361","6,314"
2023-03,경춘선,별내,"14,472","4,857","11,189","8,483"
2023-03,경춘선,퇴계원,"21,394","4,306","14,520","5,789"
2023-03,경춘선,사릉,"11,944","5,509","9,105","5,334"
2023-03,경춘선,금곡,"5,133","2,272","5,363","6,626"
2023-03,경춘선,평내호평,"33,423","4,902","25,087","11,386"
2023-03,경춘선,천마산,"9,346","1,606","6,859","2,279"
2023-03,경춘선,마석,"17,246","6,324","15,178","7,882"
2023-03,경춘선,대성리,"1,741",730,"1,821","1,134"
2023-03,경춘선,청평,"4,461","1,575","5,791","4,343"
2023-03,경춘선,상천,676,285,786,731
2023-03,경춘선,가평,"3,690","2,517","4,265","6,146"
2023-03,경춘선,굴봉산,150,77,216,255
2023-03,경춘선,백양리,24,329,119,314
2023-03,경춘선,강촌,444,270,547,"1,689"
2023-03,경춘선,김유정,690,507,565,810
2023-03,경춘선,남춘천,"5,095","2,698","6,190","5,915"
2023-03,경춘선,춘천,"1,642","1,657","2,542","4,720"
2023-03,수인선,고색,"18,982","16,573","15,614","27,254"
2023-03,수인선,오목천,"14,274","5,616","15,743","16,360"
2023-03,수인선,어천,"2,659","3,904","3,077","3,349"
2023-03,수인선,야목,"1,491",617,"1,374",729
2023-03,수인선,사리,"28,484","3,561","25,711","5,516"
2023-03,수인선,달월,139,170,206,309
2023-03,수인선,월곶,"11,724","1,990","12,336","3,250"
2023-03,수인선,소래포구,"19,738","3,579","15,645","6,649"
2023-03,수인선,인천논현,"18,696","9,245","16,672","13,956"
2023-03,수인선,호구포,"8,941","19,671","8,905","25,495"
2023-03,수인선,남동인더스파크,"1,419","17,258","2,189","21,470"
2023-03,수인선,원인재,"15,683","6,121","17,700","8,527"
2023-03,수인선,연수,"17,734","4,770","15,472","12,581"
2023-03,수인선,송도,"10,647","2,727","10,282","4,372"
2023-03,수인선,인하대,"26,117","5,606","20,255","25,175"
2023-03,수인선,숭의,"15,278","8,857","13,283","13,049"
2023-03,수인선,신포,"3,595","4,319","3,349","10,015"
2023-03,수인선,인천,"2,294","2,883","2,088","4,802"
2023-03,경강선,판교,"5,931","17,351","4,474","35,326"
2023-03,경강선,이매,"5,949","3,366","4,487","2,917"
2023-03,경강선,삼동,"14,473","2,789","14,006","2,983"
2023-03,경강선,경기광주,"48,250","6,959","46,647","10,702"
2023-03,경강선,초월,"17,205","5,019","17,248","6,409"
2023-03,경강선,곤지암,"8,552","5,862","7,693","8,277"
2023-03,경강선,신둔도예촌,"7,273","3,246","5,311","4,437"
2023-03,경강선,이천,"9,339","5,786","7,792","9,819"
2023-03,경강선,부발,"7,193","6,919","6,483","6,711"
2023-03,경강선,세종대왕릉,"1,150",680,"1,170",870
2023-03,경강선,여주,"7,484","3,883","7,005","6,275"
2023-03,5호선,방화,"30,032","6,116","28,011","14,557"
2023-03,5호선,개화산,"24,065","7,723","22,330","17,596"
2023-03,5호선,김포공항,"5,422","15,388","8,941","17,862"
2023-03,5호선,송정,"21,761","7,115","25,621","12,267"
2023-03,5호선,마곡,"27,452","16,213","27,638","53,219"
2023-03,5호선,발산,"30,902","41,832","31,957","126,794"
2023-03,5호선,우장산,"63,584","16,719","63,148","25,910"
2023-03,5호선,화곡,"128,489","16,371","161,580","35,634"
2023-03,5호선,까치산,"136,255","12,157","167,412","22,756"
2023-03,5호선,신정(은행정),"70,609","9,980","83,695","13,279"
2023-03,5호선,목동,"66,170","17,646","79,062","28,868"
2023-03,5호선,오목교(목동운동장앞),"56,303","31,565","62,692","69,165"
2023-03,5호선,양평,"27,030","9,888","30,967","39,028"
2023-03,5호선,영등포구청,"8,598","6,811","12,153","26,295"
2023-03,5호선,영등포시장,"26,152","14,289","36,815","40,144"
2023-03,5호선,신길,"17,092","4,862","25,124","14,918"
2023-03,5호선,여의도,"10,984","151,352","15,113","234,312"
2023-03,5호선,여의나루,"6,052","43,670","9,547","76,786"
2023-03,5호선,마포,"30,876","22,511","39,927","78,571"
2023-03,5호선,공덕,"23,304","32,598","35,821","86,089"
2023-03,5호선,애오개,"20,390","10,421","27,757","28,366"
2023-03,5호선,충정로(경기대입구),"7,246","14,428","9,723","37,205"
2023-03,5호선,서대문,"20,194","78,307","25,882","183,602"
2023-03,5호선,광화문(세종문화회관),"9,590","87,289","15,128","289,897"
2023-03,5호선,종로3가,"3,164","14,757","5,603","44,884"
2023-03,5호선,을지로4가,"1,983","19,283","3,543","47,556"
2023-03,5호선,동대문역사문화공원(DDP),"1,695","9,945","3,117","32,756"
2023-03,5호선,청구,"7,714","4,404","12,282","16,077"
2023-03,5호선,신금호,"23,099","10,565","30,864","13,836"
2023-03,5호선,행당,"35,259","5,286","46,928","9,888"
2023-03,5호선,왕십리(성동구청),"6,658","6,523","9,407","20,044"
2023-03,5호선,마장,"17,094","6,668","21,740","17,444"
2023-03,5호선,답십리,"59,857","15,262","80,022","36,813"
2023-03,5호선,장한평,"59,096","24,671","81,674","69,718"
2023-03,5호선,군자(능동),"37,015","8,917","50,349","29,864"
2023-03,5호선,아차산(어린이대공원후문),"46,132","16,767","63,003","31,603"
2023-03,5호선,광나루(장신대),"44,426","18,859","49,784","37,741"
2023-03,5호선,천호(풍납토성),"31,468","20,504","39,631","43,711"
2023-03,5호선,강동,"61,126","31,109","73,287","51,666"
2023-03,5호선,길동,"24,383","8,290","28,346","18,736"
2023-03,5호선,굽은다리(강동구민회관앞),"40,215","6,501","39,916","15,480"
2023-03,5호선,명일,"39,803","7,521","35,757","14,480"
2023-03,5호선,고덕,"34,351","19,079","28,484","18,436"
2023-03,5호선,상일동,"83,928","13,360","60,855","17,055"
2023-03,5호선,둔촌동,"27,394","11,226","30,102","20,521"
2023-03,5호선,올림픽공원(한국체대),"13,485","7,619","13,370","12,429"
2023-03,5호선,방이,"21,107","9,265","19,360","26,292"
2023-03,5호선,오금,"9,159","10,621","8,637","22,275"
2023-03,5호선,개롱,"26,469","8,224","24,416","16,922"
2023-03,5호선,거여,"54,259","10,367","48,448","19,166"
2023-03,5호선,마천,"48,275","5,343","36,833","12,104"
2023-03,5호선,강일,"27,078","5,270","24,528","8,311"
2023-03,5호선,미사,"76,417","12,979","71,826","25,893"
2023-03,5호선,하남풍산,"11,403","7,194","12,976","17,642"
2023-03,5호선,하남시청(덕풍·신장),"29,071","6,719","27,229","16,656"
2023-03,5호선,하남검단산,"25,353","5,819","22,852","13,332"
2023-03,6호선,응암,"77,338","11,114","96,556","18,130"
2023-03,6호선,역촌,"17,551","2,678","18,472","8,528"
2023-03,6호선,불광,"12,795","4,105","14,532","7,902"
2023-03,6호선,독바위,"15,735","1,761","14,116","3,020"
2023-03,6호선,연신내,2,0,3,0
2023-03,6호선,구산,"34,843","8,052","41,314","7,548"
2023-03,6호선,새절(신사),"58,016","8,928","69,297","15,993"
2023-03,6호선,증산(명지대앞),"43,935","5,583","52,539","11,232"
2023-03,6호선,디지털미디어시티,"55,525","32,613","60,336","76,239"
2023-03,6호선,월드컵경기장(성산),"9,098","5,015","10,110","8,617"
2023-03,6호선,마포구청,"44,872","15,639","60,523","36,742"
2023-03,6호선,망원,"29,730","10,354","40,602","34,235"
2023-03,6호선,합정,"15,946","17,920","22,636","46,759"
2023-03,6호선,상수,"10,992","7,446","14,981","26,910"
2023-03,6호선,광흥창(서강),"22,529","16,384","29,632","37,948"
2023-03,6호선,대흥(서강대앞),"17,191","17,146","24,132","44,252"
2023-03,6호선,공덕,"22,846","41,999","34,097","109,679"
2023-03,6호선,효창공원앞,"18,646","8,710","28,744","28,783"
2023-03,6호선,삼각지,"9,341","15,583","14,989","30,537"
2023-03,6호선,녹사평(용산구청),"5,534","10,242","8,471","18,251"
2023-03,6호선,이태원,"9,860","12,230","15,107","32,125"
2023-03,6호선,한강진,"3,633","23,038","5,972","46,295"
2023-03,6호선,버티고개,"5,691","2,581","8,549","5,765"
2023-03,6호선,약수,"5,084","6,433","8,097","17,458"
2023-03,6호선,청구,"8,001","7,319","11,029","24,708"
2023-03,6호선,신당,"7,809","17,542","12,767","39,952"
2023-03,6호선,동묘앞,"10,899","8,472","16,490","26,223"
2023-03,6호선,창신,"16,115","7,548","18,312","7,339"
2023-03,6호선,보문,"24,489","10,937","36,815","21,676"
2023-03,6호선,안암(고대병원앞),"10,289","19,293","14,013","68,715"
2023-03,6호선,고려대(종암),"23,267","12,862","29,607","33,811"
2023-03,6호선,월곡(동덕여대),"44,948","8,365","52,246","33,411"
2023-03,6호선,상월곡(한국과학기술연구원),"27,224","3,875","30,973","15,342"
2023-03,6호선,돌곶이,"43,157","5,981","46,085","19,259"
2023-03,6호선,석계,"53,573","8,876","59,367","18,055"
2023-03,6호선,태릉입구,"19,566","4,417","23,923","11,798"
2023-03,6호선,화랑대(서울여대입구),"67,207","8,895","61,219","21,486"
2023-03,6호선,봉화산(서울의료원),"52,943","5,991","43,169","14,383"
2023-03,6호선,신내,0,0,1,0
2023-03,7호선,장암,"19,375","1,364","11,449","1,802"
2023-03,7호선,도봉산,"54,241","8,739","44,714","17,578"
2023-03,7호선,수락산,"52,379","8,637","53,889","18,563"
2023-03,7호선,마들,"70,003","9,919","68,333","12,766"
2023-03,7호선,노원,"42,789","20,527","44,943","48,502"
2023-03,7호선,중계,"68,316","19,228","69,747","31,621"
2023-03,7호선,하계,"75,192","19,252","78,617","30,369"
2023-03,7호선,공릉(서울과학기술대),"39,704","12,672","44,469","29,384"
2023-03,7호선,태릉입구,"24,117","9,335","30,407","23,435"
2023-03,7호선,먹골,"39,177","6,413","48,637","17,247"
2023-03,7호선,중화,"41,576","9,168","50,481","24,839"
2023-03,7호선,상봉(시외버스터미널),"57,823","14,242","77,959","29,807"
2023-03,7호선,면목,"63,105","9,486","77,566","35,880"
2023-03,7호선,사가정,"61,112","11,859","76,226","28,055"
2023-03,7호선,용마산(용마폭포공원),"26,204","4,175","31,197","10,790"
2023-03,7호선,중곡,"34,967","16,748","48,130","30,263"
2023-03,7호선,군자(능동),"39,851","9,917","62,311","31,222"
2023-03,7호선,어린이대공원(세종대),"21,521","17,237","34,882","85,304"
2023-03,7호선,건대입구,"13,850","20,619","20,820","46,649"
2023-03,7호선,뚝섬유원지,"23,773","6,815","32,951","14,533"
2023-03,7호선,청담,"12,295","66,824","16,830","157,705"
2023-03,7호선,강남구청,"7,850","36,903","11,139","114,248"
2023-03,7호선,학동,"9,148","57,214","12,771","195,183"
2023-03,7호선,논현,"9,065","44,075","14,097","109,915"
2023-03,7호선,반포,"9,008","13,840","12,682","20,500"
2023-03,7호선,고속터미널,"11,915","37,850","19,331","53,818"
2023-03,7호선,내방,"20,730","26,847","31,912","91,099"
2023-03,7호선,이수,"30,822","15,993","47,434","44,282"
2023-03,7호선,남성,"43,336","7,443","61,758","17,753"
2023-03,7호선,숭실대입구(살피재),"42,300","8,976","53,316","42,220"
2023-03,7호선,상도,"38,686","9,131","48,136","31,887"
2023-03,7호선,장승배기,"28,375","8,236","41,874","17,508"
2023-03,7호선,신대방삼거리,"58,393","9,750","83,828","19,223"
2023-03,7호선,보라매,"19,969","10,615","28,563","24,872"
2023-03,7호선,신풍,"44,480","12,875","54,829","20,007"
2023-03,7호선,대림(구로구청),"16,095","7,179","23,646","19,170"
2023-03,7호선,남구로,"32,320","32,831","38,335","102,453"
2023-03,7호선,가산디지털단지,"24,158","133,724","27,737","405,846"
2023-03,7호선,철산,"93,571","17,365","93,824","35,651"
2023-03,7호선,광명사거리,"84,543","17,615","95,205","26,613"
2023-03,7호선,천왕,"58,813","9,763","64,455","17,399"
2023-03,7호선,온수(성공회대입구),"50,649","11,877","56,737","22,749"
2023-03,7호선,까치울,0,0,0,0
2023-03,7호선,신중동,0,0,0,0
2023-03,7호선,부천시청,0,0,0,0
2023-03,7호선,상동,0,0,0,0
2023-03,7호선,굴포천,0,0,0,0
2023-03,8호선,암사,"89,627","9,647","114,208","20,072"
2023-03,8호선,천호(풍납토성),"45,047","15,341","61,133","30,561"
2023-03,8호선,강동구청,"35,302","15,515","45,802","35,244"
2023-03,8호선,몽촌토성(평화의문),"13,057","13,565","19,820","30,359"
2023-03,8호선,잠실(송파구청),"9,734","34,626","14,225","84,958"
2023-03,8호선,석촌,"17,655","9,101","25,135","21,699"
2023-03,8호선,송파,"33,141","12,044","38,641","19,323"
2023-03,8호선,가락시장,"11,214","14,753","14,405","40,975"
2023-03,8호선,문정,"25,206","58,234","35,606","181,411"
2023-03,8호선,장지,"51,748","31,228","63,220","51,556"
2023-03,8호선,복정,"30,106","11,938","39,698","20,289"
2023-03,8호선,산성,"24,998","3,268","27,843","10,235"
2023-03,8호선,남한산성입구(성남법원.검찰청),"60,174","11,719","72,524","34,846"
2023-03,8호선,단대오거리,"53,065","12,258","60,533","25,557"
2023-03,8호선,신흥,"18,889","3,972","23,969","7,210"
2023-03,8호선,수진,"17,451","6,810","24,915","12,409"
2023-03,8호선,모란,"9,324","5,316","12,081","11,685"
2023-03,8호선,남위례,"20,271","7,854","24,736","26,987"
2023-03,9호선,개화,"19,241","3,461","12,355","5,204"
2023-03,9호선,김포공항,"7,137","19,488","10,721","21,141"
2023-03,9호선,공항시장,"11,010","2,043","11,927","4,376"
2023-03,9호선,신방화,"32,121","5,559","30,334","12,480"
2023-03,9호선,마곡나루(서울식물원),"34,269","20,848","34,292","55,941"
2023-03,9호선,양천향교,"34,284","12,214","34,762","44,234"
2023-03,9호선,가양,"85,229","31,593","86,678","52,698"
2023-03,9호선,증미,"24,630","9,700","26,933","45,341"
2023-03,9호선,등촌,"50,537","7,546","61,585","18,443"
2023-03,9호선,염창,"88,239","8,967","93,485","22,711"
2023-03,9호선,신목동,"23,621","3,611","21,891","6,639"
2023-03,9호선,선유도,"23,953","16,607","28,673","44,918"
2023-03,9호선,당산,"59,349","17,424","68,671","50,191"
2023-03,9호선,국회의사당,"4,703","47,551","7,724","155,939"
2023-03,9호선,여의도,"9,350","147,416","11,377","181,527"
2023-03,9호선,샛강,"5,608","17,038","7,225","41,255"
2023-03,9호선,노량진,"71,495","39,861","100,940","63,381"
2023-03,9호선,노들,"18,760","2,427","23,728","4,597"
2023-03,9호선,흑석(중앙대입구),"18,371","13,540","22,545","36,023"
2023-03,9호선,동작(현충원),"5,327","1,846","6,188","3,182"
2023-03,9호선,구반포,"1,435","2,739","1,944","4,220"
2023-03,9호선,신반포,"6,859","8,653","8,524","10,437"
2023-03,9호선,고속터미널,"18,944","20,899","24,423","30,299"
2023-03,9호선,사평,"12,292","5,821","15,056","8,560"
2023-03,9호선,신논현,"34,394","41,871","46,810","93,158"
2023-03,공항철도 1호선,서울역,"12,416","22,364","16,065","30,159"
2023-03,공항철도 1호선,공덕,"6,881","4,256","6,533","11,854"
2023-03,공항철도 1호선,홍대입구,"11,691","10,830","14,551","26,709"
2023-03,공항철도 1호선,디지털미디어시티,"21,606","32,957","22,485","98,130"
2023-03,공항철도 1호선,마곡나루(서울식물원),"16,342","31,765","17,303","74,917"
2023-03,공항철도 1호선,김포공항,"7,188","22,959","15,505","20,451"
2023-03,공항철도 1호선,계양,"79,739","5,069","63,008","7,281"
2023-03,공항철도 1호선,검암,"38,295","8,022","27,862","15,500"
2023-03,공항철도 1호선,청라국제도시,"34,935","8,179","22,458","19,330"
2023-03,공항철도 1호선,운서,"32,157","12,267","29,016","13,160"
2023-03,공항철도 1호선,공항화물청사,"2,151","13,246","2,403","23,274"
2023-03,공항철도 1호선,인천공항1터미널,"15,383","34,533","18,476","31,073"
2023-03,공항철도 1호선,인천공항2터미널,"5,976","13,896","7,226","16,922"
2023-03,공항철도 1호선,영종,"16,237","3,145","12,112","4,083"
2023-03,9호선2~3단계,언주,"7,361","22,521","10,764","69,166"
2023-03,9호선2~3단계,선정릉,"8,767","20,533","10,826","69,251"
2023-03,9호선2~3단계,삼성중앙,"6,677","18,138","8,196","47,552"
2023-03,9호선2~3단계,봉은사,"10,232","43,031","11,418","121,134"
2023-03,9호선2~3단계,종합운동장,"10,714","5,767","12,298","13,160"
2023-03,9호선2~3단계,삼전,"22,918","4,369","36,572","13,130"
2023-03,9호선2~3단계,석촌고분,"19,004","5,912","31,823","16,779"
2023-03,9호선2~3단계,석촌,"25,877","5,732","35,029","13,326"
2023-03,9호선2~3단계,송파나루,"13,880","4,716","19,702","13,347"
2023-03,9호선2~3단계,한성백제,"8,053","3,282","10,864","8,221"
2023-03,9호선2~3단계,올림픽공원(한국체대),"17,494","7,085","22,369","19,821"
2023-03,9호선2~3단계,둔촌오륜,"3,683","4,445","4,324","2,537"
2023-03,9호선2~3단계,중앙보훈병원,"49,607","13,217","51,014","21,294"
2023-03,우이신설선,북한산우이,"9,921","2,818","11,128","7,331"
2023-03,우이신설선,솔밭공원,"11,912","1,559","12,165","3,304"
2023-03,우이신설선,4.19민주묘지,"9,792","2,057","10,979","15,546"
2023-03,우이신설선,가오리,"18,798","3,013","19,604","6,142"
2023-03,우이신설선,화계,"15,129","2,571","15,350","5,620"
2023-03,우이신설선,삼양,"7,609","1,514","8,071","3,613"
2023-03,우이신설선,삼양사거리,"8,650","2,458","10,133","4,220"
2023-03,우이신설선,솔샘,"33,268","4,116","31,356","4,747"
2023-03,우이신설선,북한산보국문,"23,235","5,869","25,307","13,065"
2023-03,우이신설선,정릉,"15,587","3,608","17,855","7,931"
2023-03,우이신설선,성신여대입구(돈암),"4,084","4,409","7,599","11,455"
2023-03,우이신설선,보문,"2,284","3,819","4,535","5,458"
2023-03,우이신설선,신설동,"1,399","6,043","2,804","13,147"
2023-03,신림선,샛강,"1,571","11,839","2,720","26,972"
2023-03,신림선,대방,"6,339","2,864","11,156","5,319"
2023-03,신림선,서울지방병무청,"9,901","4,233","13,683","6,018"
2023-03,신림선,보라매,"8,715","5,367","13,336","13,388"
2023-03,신림선,보라매공원,"6,052","4,574","6,639","8,341"
2023-03,신림선,보라매병원,"7,172","15,764","8,367","50,315"
2023-03,신림선,당곡,"13,343","3,517","19,016","8,344"
2023-03,신림선,신림,"4,014","1,459","7,272","2,753"
2023-03,신림선,서원,"14,058","1,115","20,731","2,168"
2023-03,신림선,서울대벤처타운,"31,874","6,012","43,094","9,337"
2023-03,신림선,관악산(서울대),"5,465","4,627","6,112","13,674"
